{
    "timestamp": {
        "min": [
            0.0
        ],
        "max": [
            18.533333333333335
        ],
        "mean": [
            6.646866377611351
        ],
        "std": [
            4.512572733393863
        ],
        "count": [
            2537
        ],
        "q01": [
            0.11753946210118531
        ],
        "q10": [
            1.3111163194572042
        ],
        "q50": [
            6.640120701615944
        ],
        "q90": [
            11.982616435765499
        ],
        "q99": [
            13.176193293121518
        ]
    },
    "episode_index": {
        "min": [
            0
        ],
        "max": [
            6
        ],
        "mean": [
            2.931415057154119
        ],
        "std": [
            1.8035206470833591
        ],
        "count": [
            2537
        ],
        "q01": [
            2.9314150571541195
        ],
        "q10": [
            2.931415057154123
        ],
        "q50": [
            2.931415057154138
        ],
        "q90": [
            2.931415057154155
        ],
        "q99": [
            2.9314150571541586
        ]
    },
    "frame_index": {
        "min": [
            0
        ],
        "max": [
            556
        ],
        "mean": [
            199.40599132834055
        ],
        "std": [
            135.37718200181587
        ],
        "count": [
            2537
        ],
        "q01": [
            3.526183865885183
        ],
        "q10": [
            39.33348958604504
        ],
        "q50": [
            199.158339061884
        ],
        "q90": [
            359.47849307063615
        ],
        "q99": [
            395.285798790796
        ]
    },
    "observation.state": {
        "min": [
            -31.484375,
            -97.8568344116211,
            3.038548707962036,
            31.526016235351562,
            -37.19169616699219,
            1.6501649618148804
        ],
        "max": [
            23.4375,
            19.845691680908203,
            99.45578002929688,
            84.60865783691406,
            47.5457878112793,
            44.158416748046875
        ],
        "mean": [
            -4.102501703990836,
            -20.93216782082335,
            39.3468675895333,
            60.68157087332816,
            -2.4979561372305117,
            16.85992332100633
        ],
        "std": [
            13.919290106854183,
            38.59760496820934,
            30.740429315519783,
            7.922333701214306,
            23.476379001431468,
            12.351393396179551
        ],
        "count": [
            2537
        ],
        "q01": [
            -14.11217111746157,
            -85.64207199120737,
            11.16073480402338,
            47.987242864068214,
            -18.39613302551859,
            2.87811667180503
        ],
        "q10": [
            -14.01586349067986,
            -84.41312607060424,
            11.207309972424216,
            50.432548548323226,
            -17.967865637017482,
            3.3351245429860774
        ],
        "q50": [
            -6.355799406375639,
            -2.5103425053870674,
            27.517555307415353,
            60.03173742197005,
            -1.1070687870237403,
            15.68205007273939
        ],
        "q90": [
            7.454022477703642,
            10.947761931424896,
            89.40233721556525,
            69.00504694113052,
            10.44983696115841,
            32.0887640959466
        ],
        "q99": [
            7.865380556819164,
            15.002151596018894,
            89.72181989236176,
            72.98765726271434,
            11.78640575981277,
            32.46787570179655
        ]
    },
    "action": {
        "min": [
            -32.12996292114258,
            -98.87689208984375,
            -0.1862197369337082,
            30.144800186157227,
            -37.97313690185547,
            0.54347825050354
        ],
        "max": [
            24.09747314453125,
            19.395248413085938,
            100.0,
            85.2566909790039,
            47.838829040527344,
            44.63315200805664
        ],
        "mean": [
            -4.068628828592266,
            -22.04239982556864,
            37.81764573941891,
            60.55163858103197,
            -2.5759773104032004,
            16.49921330176426
        ],
        "std": [
            14.012065779647047,
            38.160170500807986,
            31.3751225425068,
            8.142495626433437,
            23.628479971189126,
            12.774279726886673
        ],
        "count": [
            2537
        ],
        "q01": [
            -14.40392844064704,
            -86.40670542068077,
            8.86365877722348,
            47.027127293329364,
            -18.754855345251247,
            1.8625697893658444
        ],
        "q10": [
            -14.027429994614012,
            -85.0918893681475,
            9.19283068763874,
            49.9354157656999,
            -17.86846532055747,
            2.0894414856824577
        ],
        "q50": [
            -6.1572164454850284,
            -4.547580095183372,
            26.054617421174463,
            59.98767965421598,
            -0.8653361276842246,
            15.444303479692802
        ],
        "q90": [
            7.30629639761908,
            9.720514668123608,
            88.85101200241054,
            69.14818421337502,
            10.593399992431722,
            32.314684763833405
        ],
        "q99": [
            8.081987637176208,
            14.692347483601118,
            89.855763096302,
            73.33535463050349,
            11.936039980582729,
            32.798857454845944
        ]
    },
    "observation.images.front": {
        "min": [
            [
                [
                    0.0
                ]
            ],
            [
                [
                    0.0
                ]
            ],
            [
                [
                    0.0
                ]
            ]
        ],
        "max": [
            [
                [
                    1.0
                ]
            ],
            [
                [
                    1.0
                ]
            ],
            [
                [
                    1.0
                ]
            ]
        ],
        "mean": [
            [
                [
                    0.49152608353475274
                ]
            ],
            [
                [
                    0.5025097453628268
                ]
            ],
            [
                [
                    0.518691019182373
                ]
            ]
        ],
        "std": [
            [
                [
                    0.008027555949488065
                ]
            ],
            [
                [
                    0.006397475135774079
                ]
            ],
            [
                [
                    0.008427464193083168
                ]
            ]
        ],
        "count": [
            722
        ],
        "q01": [
            [
                [
                    -3.921568627450981e-13
                ]
            ],
            [
                [
                    0.02734356730743823
                ]
            ],
            [
                [
                    0.0614893222088625
                ]
            ]
        ],
        "q10": [
            [
                [
                    0.11867626287974954
                ]
            ],
            [
                [
                    0.1612948700466453
                ]
            ],
            [
                [
                    0.20264132285692213
                ]
            ]
        ],